,0
0,0xc352b5
1,
2,"Jun 23, 2017"
3,"May 14, 2020"
4,"Jun 9, 2021"
5,0xa25803
6,
7,"Apr 25, 2021"
8,"Apr 25, 2021"
9,"Aug 23, 2021"
10,0xb88f61
11,
12,"Nov 30, 2020"
13,"May 21, 2021"
14,"May 21, 2021"
15,0x577ebc
16,
17,"Jan 30, 2021"
18,"May 13, 2021"
19,"Aug 21, 2021"
20,0xb7f7f6
21,
22,"Sep 15, 2020"
23,"Aug 24, 2021"
24,"Aug 24, 2021"
25,0xcc7c33
26,
27,"Jun 23, 2017"
28,"Jul 10, 2017"
29,"Aug 23, 2021"
30,0x69021a
31,
32,"Apr 25, 2021"
33,"Apr 25, 2021"
34,"Apr 25, 2021"
35,0x26f744
36,
37,"Jun 23, 2017"
38,"Jun 23, 2017"
39,"Jun 17, 2017"
40,0x6f4a2d
41,
42,"Jun 23, 2017"
43,"Feb 26, 2021"
44,"Aug 24, 2021"
45,0x6611fe
46,
47,"Jun 23, 2017"
48,"Aug 12, 2021"
49,"Aug 24, 2021"
50,0x269616
51,
52,"Jun 29, 2021"
53,"Aug 23, 2021"
54,"Aug 24, 2021"
55,0xcffc33
56,
57,"May 5, 2021"
58,"May 5, 2021"
59,"Jul 31, 2021"
60,0x24e267
61,
62,"Aug 7, 2021"
63,"Aug 8, 2021"
64,"Aug 8, 2021"
65,0xd79b93
66,
67,"May 4, 2021"
68,"May 5, 2021"
69,"Jul 31, 2021"
